_id,name,channel,link,date,viewCount
Evanescence - My Heart Is Broken,Evanescence - My Heart Is Broken,EvanescenceVEVO,https://www.youtube.com/watch?v=f1QGnq9jUU0&authuser=1,2023-04-03T19:09:00.000Z,97
Evanescence - Going Under (Official HD Music Video),Evanescence - Going Under (Official HD Music Video),EvanescenceVEVO,https://www.youtube.com/watch?v=CdhqVtpR2ts&authuser=1,2023-06-30T11:48:00.000Z,90
Bring Me The Horizon - MANTRA (Official Video),Bring Me The Horizon - MANTRA (Official Video),BMTHOfficialVEVO,https://www.youtube.com/watch?v=VAXg78MKJcM&authuser=1,2024-02-20T10:50:00.000Z,79
"Fall Out Boy - Dance, Dance (Official Music Video)","Fall Out Boy - Dance, Dance (Official Music Video)",FallOutBoyVEVO,https://www.youtube.com/watch?v=C6MOKXm8x50&authuser=1,2023-11-29T18:21:00.000Z,70
Angels & Airwaves - The Wolfpack (Official Video),Angels & Airwaves - The Wolfpack (Official Video),AngelsAirwavesVEVO,https://www.youtube.com/watch?v=7zxEw3QanhY&authuser=1,2022-01-31T17:23:00.000Z,69
blink-182 - First Date (Official Video),blink-182 - First Date (Official Video),blink182VEVO,https://www.youtube.com/watch?v=vVy9Lgpg1m8&authuser=1,2024-03-15T20:12:00.000Z,67
blink-182 - Darkside (Official Video),blink-182 - Darkside (Official Video),blink182VEVO,https://www.youtube.com/watch?v=4cbSPNZryzo&authuser=1,2024-01-07T00:44:00.000Z,62
Fall Out Boy - Irresistible (Official Music Video) ft. Demi Lovato,Fall Out Boy - Irresistible (Official Music Video) ft. Demi Lovato,FallOutBoyVEVO,https://www.youtube.com/watch?v=2Lb2BiUC898&authuser=1,2023-03-20T18:08:00.000Z,62
Bloodhound Gang - Foxtrot Uniform Charlie Kilo (Official Video),Bloodhound Gang - Foxtrot Uniform Charlie Kilo (Official Video),BloodhoundGangVEVO,https://www.youtube.com/watch?v=JZpxaiNV_sM&authuser=1,2024-03-15T20:06:00.000Z,61
Fountains of Wayne - Stacy's Mom (Official Music Video),Fountains of Wayne - Stacy's Mom (Official Music Video),FountainsOfWayneVEVO,https://www.youtube.com/watch?v=dZLfasMPOU4&authuser=1,2023-12-19T15:31:00.000Z,59
Avril Lavigne - Rock N Roll (Official Video),Avril Lavigne - Rock N Roll (Official Video),AvrilLavigneVEVO,https://www.youtube.com/watch?v=uuNTO31FlY8&authuser=1,2023-07-04T11:57:00.000Z,59
Limp Bizkit - Break Stuff (Official Music Video),Limp Bizkit - Break Stuff (Official Music Video),LimpBizkitVEVO,https://www.youtube.com/watch?v=ZpUYjpKg9KY&authuser=1,2023-03-17T12:17:00.000Z,56
Evanescence - What You Want,Evanescence - What You Want,EvanescenceVEVO,https://www.youtube.com/watch?v=wVWazHTunSI&authuser=1,2022-12-29T21:50:00.000Z,55
Marilyn Manson - This Is The New Shit (Official Music Video),Marilyn Manson - This Is The New Shit (Official Music Video),MarilynMansonVEVO,https://www.youtube.com/watch?v=4kQMDSw3Aqo&authuser=1,2020-12-09T18:45:00.000Z,55
"Good Charlotte - The River ft. M. Shadows, Synyster Gates (Official Music Video)","Good Charlotte - The River ft. M. Shadows, Synyster Gates (Official Music Video)",GoodCharlotteVEVO,https://www.youtube.com/watch?v=yVm8PjWCvLg&authuser=1,2024-01-05T20:46:00.000Z,54
SOiL - Halo (Video (Director's Cut)),SOiL - Halo (Video (Director's Cut)),SOiLVEVO,https://www.youtube.com/watch?v=RFc-2aNZ6VY&authuser=1,2023-02-24T16:02:00.000Z,50
Breaking Benjamin - The Diary of Jane,Breaking Benjamin - The Diary of Jane,HollywoodRecordsVEVO,https://www.youtube.com/watch?v=DWaB4PXCwFU&authuser=1,2023-12-18T17:57:00.000Z,50
Taylor Swift - Bad Blood ft. Kendrick Lamar,Taylor Swift - Bad Blood ft. Kendrick Lamar,TaylorSwiftVEVO,https://www.youtube.com/watch?v=QcIy9NiNbmo&authuser=1,2023-05-15T14:11:00.000Z,49
blink-182 - Adam's Song,blink-182 - Adam's Song,blink182VEVO,https://www.youtube.com/watch?v=2MRdtXWcgIw&authuser=1,2024-01-05T20:38:00.000Z,49
Evanescence - Bring Me To Life (Official HD Music Video),Evanescence - Bring Me To Life (Official HD Music Video),EvanescenceVEVO,https://www.youtube.com/watch?v=3YxaaGgTQYM&authuser=1,2024-01-13T16:34:00.000Z,47
blink-182 - Feeling This (Official Video),blink-182 - Feeling This (Official Video),blink182VEVO,https://www.youtube.com/watch?v=4kMZ23T9VHE&authuser=1,2023-12-13T15:01:00.000Z,45
Katy Perry - Wide Awake (Official Video),Katy Perry - Wide Awake (Official Video),KatyPerryVEVO,https://www.youtube.com/watch?v=k0BWlvnBmIE&authuser=1,2023-11-23T17:59:00.000Z,42
Amaranthe - The Nexus (Official Music Video),Amaranthe - The Nexus (Official Music Video),AmarantheMusicVEVO,https://www.youtube.com/watch?v=SxOybZcRXhI&authuser=1,2019-03-20T19:35:00.000Z,42
Bullet For My Valentine - Tears Don't Fall (Official Video),Bullet For My Valentine - Tears Don't Fall (Official Video),bulletvalentineVEVO,https://www.youtube.com/watch?v=9sTQ0QdkN3Q&authuser=1,2024-02-20T10:58:00.000Z,42
Pale Waves - Television Romance,Pale Waves - Television Romance,PaleWavesVEVO,https://www.youtube.com/watch?v=ot1j5M5PTC4&authuser=1,2024-02-20T11:10:00.000Z,41
Bring Me The Horizon - sugar honey ice & tea (Official Video),Bring Me The Horizon - sugar honey ice & tea (Official Video),BMTHOfficialVEVO,https://www.youtube.com/watch?v=-iM83TiKdY0&authuser=1,2024-02-23T12:58:00.000Z,40
Korn - Thoughtless (Official HD Video),Korn - Thoughtless (Official HD Video),KornVEVO,https://www.youtube.com/watch?v=xVPvzX-AeSM&authuser=1,2023-01-21T19:17:00.000Z,40
"Fall Out Boy - Sugar, We're Goin Down (Official Music Video)","Fall Out Boy - Sugar, We're Goin Down (Official Music Video)",FallOutBoyVEVO,https://www.youtube.com/watch?v=uhG-vLZrb-g&authuser=1,2023-11-29T18:52:00.000Z,39
Seether - Breakdown,Seether - Breakdown,SeetherVEVO,https://www.youtube.com/watch?v=BDKM181eTsM&authuser=1,2020-12-05T16:34:00.000Z,39
Bowling For Soup - Girl All The Bad Guys Want,Bowling For Soup - Girl All The Bad Guys Want,BowlingForSoupVEVO,https://www.youtube.com/watch?v=VGRxmYXi4Io&authuser=1,2024-02-14T14:01:00.000Z,39
The Killers - Mr. Brightside (Official Music Video),The Killers - Mr. Brightside (Official Music Video),TheKillersVEVO,https://www.youtube.com/watch?v=gGdGFtwCNBE&authuser=1,2024-01-13T15:50:00.000Z,39
SOiL - Unreal (Video),SOiL - Unreal (Video),SOiLVEVO,https://www.youtube.com/watch?v=wdTl5R1YzaA&authuser=1,2018-05-19T18:23:00.000Z,39
Taylor Swift - Anti-Hero (Official Music Video),Taylor Swift - Anti-Hero (Official Music Video),TaylorSwiftVEVO,https://www.youtube.com/watch?v=b1kbLwvqugk&authuser=1,2023-12-19T16:26:00.000Z,38
Papa Roach - HELP (Official Video),Papa Roach - HELP (Official Video),PapaRoachVEVO,https://www.youtube.com/watch?v=HYLTsdeO2uA&authuser=1,2023-01-23T16:38:00.000Z,37
Ke$ha - Die Young (Official Video),Ke$ha - Die Young (Official Video),keshaVEVO,https://www.youtube.com/watch?v=NOubzHCUt48&authuser=1,2023-02-13T17:22:00.000Z,36
Rob Zombie - Dragula,Rob Zombie - Dragula,RobZombieVEVO,https://www.youtube.com/watch?v=EqQuihD0hoI&authuser=1,2023-09-02T18:27:00.000Z,36
Marilyn Manson - mOBSCENE (Official Music Video),Marilyn Manson - mOBSCENE (Official Music Video),MarilynMansonVEVO,https://www.youtube.com/watch?v=mdwZV4Y95Nw&authuser=1,2020-12-05T17:44:00.000Z,36
Katy Perry - E.T. ft. Kanye West (Official Music Video),Katy Perry - E.T. ft. Kanye West (Official Music Video),KatyPerryVEVO,https://www.youtube.com/watch?v=t5Sd5c4o9UM&authuser=1,2023-03-17T17:07:00.000Z,36
Bring Me The Horizon - Ludens (Official Video),Bring Me The Horizon - Ludens (Official Video),BMTHOfficialVEVO,https://www.youtube.com/watch?v=B9wvTuDC-H0&authuser=1,2024-02-23T13:06:00.000Z,36
Evanescence - Everybody’s Fool (Official HD Music Video),Evanescence - Everybody’s Fool (Official HD Music Video),EvanescenceVEVO,https://www.youtube.com/watch?v=jhC1pI76Rqo&authuser=1,2023-05-15T14:22:00.000Z,35
Avril Lavigne - Sk8er Boi (Official Video),Avril Lavigne - Sk8er Boi (Official Video),AvrilLavigneVEVO,https://www.youtube.com/watch?v=TIy3n2b7V9k&authuser=1,2024-01-28T20:18:00.000Z,35
Seether - Broken ft. Amy Lee,Seether - Broken ft. Amy Lee,SeetherVEVO,https://www.youtube.com/watch?v=hPC2Fp7IT7o&authuser=1,2023-06-30T11:59:00.000Z,35
Calvin Harris - We'll Be Coming Back ft. Example,Calvin Harris - We'll Be Coming Back ft. Example,CalvinHarrisVEVO,https://www.youtube.com/watch?v=kPC_evpbwDM&authuser=1,2017-04-17T19:11:00.000Z,34
"LMFAO - Party Rock Anthem ft. Lauren Bennett, GoonRock","LMFAO - Party Rock Anthem ft. Lauren Bennett, GoonRock",LMFAOVEVO,https://www.youtube.com/watch?v=KQ6zr6kCPj8&authuser=1,2022-07-18T13:31:00.000Z,34
DIAMANTE - Bite Your Kiss,DIAMANTE - Bite Your Kiss,DIAMANTEOfficialVEVO,https://www.youtube.com/watch?v=bG61c7girsA&authuser=1,2020-07-13T18:27:00.000Z,32
Taylor Swift - …Ready For It?,Taylor Swift - …Ready For It?,TaylorSwiftVEVO,https://www.youtube.com/watch?v=wIft-t-MQuE&authuser=1,2023-11-24T16:48:00.000Z,31
Bring Me The Horizon - Throne,Bring Me The Horizon - Throne,BMTHOfficialVEVO,https://www.youtube.com/watch?v=Ow_qI_F2ZJI&authuser=1,2024-02-23T13:03:00.000Z,30
Taylor Swift - The Story Of Us,Taylor Swift - The Story Of Us,TaylorSwiftVEVO,https://www.youtube.com/watch?v=nN6VR92V70M&authuser=1,2023-11-24T16:36:00.000Z,30
Taylor Swift - 22,Taylor Swift - 22,TaylorSwiftVEVO,https://www.youtube.com/watch?v=AgFeZr5ptV8&authuser=1,2023-02-13T18:08:00.000Z,30
Three Days Grace - Never Too Late,Three Days Grace - Never Too Late,ThreeDaysGraceVEVO,https://www.youtube.com/watch?v=lL2ZwXj1tXM&authuser=1,2021-04-06T12:43:00.000Z,30
Evanescence - Sweet Sacrifice,Evanescence - Sweet Sacrifice,EvanescenceVEVO,https://www.youtube.com/watch?v=XBYhQnjyrWo&authuser=1,2022-12-29T21:29:00.000Z,30
Rise Against - Savior (Official Music Video),Rise Against - Savior (Official Music Video),RiseAgainstVEVO,https://www.youtube.com/watch?v=e8X3ACToii0&authuser=1,2024-01-13T17:48:00.000Z,30
Bowling For Soup - High School Never Ends (Official Music Video),Bowling For Soup - High School Never Ends (Official Music Video),BowlingForSoupVEVO,https://www.youtube.com/watch?v=jrxI_euTX4A&authuser=1,2023-11-29T20:01:00.000Z,30
The All-American Rejects - Dirty Little Secret (Official Music Video),The All-American Rejects - Dirty Little Secret (Official Music Video),AllAmericanRjctsVEVO,https://www.youtube.com/watch?v=gPDcwjJ8pLg&authuser=1,2023-11-27T16:28:00.000Z,29
Pale Waves - Jealousy (Official Video),Pale Waves - Jealousy (Official Video),PaleWavesVEVO,https://www.youtube.com/watch?v=bRQBaJ8wu6M&authuser=1,2024-02-20T10:47:00.000Z,28
The Letter Black - Fire With Fire,The Letter Black - Fire With Fire,TheLetterBlackVEVO,https://www.youtube.com/watch?v=M7lEbeejgOE&authuser=1,2023-05-15T14:28:00.000Z,28
Seether - Remedy,Seether - Remedy,SeetherVEVO,https://www.youtube.com/watch?v=FZLILV18ut8&authuser=1,2019-05-25T22:09:00.000Z,27
Icon For Hire - Make A Move,Icon For Hire - Make A Move,IconForHireVEVO,https://www.youtube.com/watch?v=e_S9VvJM1PI&authuser=1,2024-01-07T00:48:00.000Z,27
Avril Lavigne - How You Remind Me (Official Audio),Avril Lavigne - How You Remind Me (Official Audio),AvrilLavigneVEVO,https://www.youtube.com/watch?v=weeluzD_hxk&authuser=1,2023-04-08T23:01:00.000Z,27
Bring Me The Horizon - Teardrops (Official Video),Bring Me The Horizon - Teardrops (Official Video),BMTHOfficialVEVO,https://www.youtube.com/watch?v=L5uV3gmOH9g&authuser=1,2024-02-20T10:32:00.000Z,27
Tonight Alive - The Edge (Official Video),Tonight Alive - The Edge (Official Video),TonightAliveVEVO,https://www.youtube.com/watch?v=kRDVXnACx7Y&authuser=1,2023-11-27T16:32:00.000Z,26
blink-182 - Dammit,blink-182 - Dammit,blink182VEVO,https://www.youtube.com/watch?v=sT0g16_LQaQ&authuser=1,2023-11-29T19:36:00.000Z,26
Sick Puppies - You're Going Down (Official Video),Sick Puppies - You're Going Down (Official Video),SickPuppiesVEVO,https://www.youtube.com/watch?v=liW-kWFiXtQ&authuser=1,2023-01-23T16:53:00.000Z,26
blink-182 - Josie,blink-182 - Josie,blink182VEVO,https://www.youtube.com/watch?v=I6kfin-UeAQ&authuser=1,2023-12-06T14:40:00.000Z,25
Amaranthe - Digital World (Official Video),Amaranthe - Digital World (Official Video),AmarantheMusicVEVO,https://www.youtube.com/watch?v=z6PYAkXO-bU&authuser=1,2020-12-08T12:31:00.000Z,25
Calvin Harris & Alesso - Under Control (Official Video) ft. Hurts,Calvin Harris & Alesso - Under Control (Official Video) ft. Hurts,CalvinHarrisVEVO,https://www.youtube.com/watch?v=yZqmarGShxg&authuser=1,2017-10-14T15:11:00.000Z,25
Avicii - Wake Me Up (Official Video),Avicii - Wake Me Up (Official Video),AviciiOfficialVEVO,https://www.youtube.com/watch?v=IcrbM1l_BoI&authuser=1,2023-01-16T12:52:00.000Z,25
Rob Zombie - Living Dead Girl,Rob Zombie - Living Dead Girl,RobZombieVEVO,https://www.youtube.com/watch?v=BvsMPOfblfg&authuser=1,2023-11-09T16:48:00.000Z,24
Papa Roach - Scars (Official Music Video),Papa Roach - Scars (Official Music Video),PapaRoachVEVO,https://www.youtube.com/watch?v=eHbNU9WuVgw&authuser=1,2022-06-04T17:20:00.000Z,24
Limp Bizkit - Rollin' (Air Raid Vehicle),Limp Bizkit - Rollin' (Air Raid Vehicle),LimpBizkitVEVO,https://www.youtube.com/watch?v=RYnFIRc0k6E&authuser=1,2023-01-23T17:20:00.000Z,24
Avicii vs Nicky Romero - I Could Be The One (Nicktim),Avicii vs Nicky Romero - I Could Be The One (Nicktim),AviciiOfficialVEVO,https://www.youtube.com/watch?v=bek1y2uiQGA&authuser=1,2018-12-28T22:43:00.000Z,24
Taylor Swift - We Are Never Ever Getting Back Together,Taylor Swift - We Are Never Ever Getting Back Together,TaylorSwiftVEVO,https://www.youtube.com/watch?v=WA4iX5D9Z64&authuser=1,2023-02-13T17:25:00.000Z,23
Icon For Hire - Get Well,Icon For Hire - Get Well,IconForHireVEVO,https://www.youtube.com/watch?v=iS8sqgBgzG8&authuser=1,2023-08-25T12:33:00.000Z,23
Taylor Swift - Mean,Taylor Swift - Mean,TaylorSwiftVEVO,https://www.youtube.com/watch?v=jYa1eI1hpDE&authuser=1,2023-01-16T12:48:00.000Z,23
TRUSTcompany - Downfall,TRUSTcompany - Downfall,TRUSTcompanyVEVO,https://www.youtube.com/watch?v=BE_0m5OkyN4&authuser=1,2023-01-23T16:35:00.000Z,23
Seether - Truth,Seether - Truth,SeetherVEVO,https://www.youtube.com/watch?v=zBXkWVZD4qE&authuser=1,2020-12-05T16:26:00.000Z,23
SOiL - Redefine,SOiL - Redefine,SOiLVEVO,https://www.youtube.com/watch?v=WkqJ8SvaDfc&authuser=1,2014-02-17T17:25:00.000Z,23
blink-182 - Man Overboard,blink-182 - Man Overboard,blink182VEVO,https://www.youtube.com/watch?v=u38TqU5rAyk&authuser=1,2023-11-29T20:09:00.000Z,22
The Script - Hall of Fame (Official Video) ft. will.i.am,The Script - Hall of Fame (Official Video) ft. will.i.am,TheScriptVEVO,https://www.youtube.com/watch?v=mk48xRzuNvA&authuser=1,2023-05-15T14:00:00.000Z,22
The Letter Black - Up From The Ashes,The Letter Black - Up From The Ashes,TheLetterBlackVEVO,https://www.youtube.com/watch?v=y1e3HrFAuGo&authuser=1,2023-01-23T17:55:00.000Z,22
30 Seconds To Mars - Capricorn (A Brand New Name) (Official Music Video),30 Seconds To Mars - Capricorn (A Brand New Name) (Official Music Video),ThirtySecondsToMarsVEVO,https://www.youtube.com/watch?v=c-tqzcq1BY0&authuser=1,2019-12-19T16:05:00.000Z,22
P!NK - Sober,P!NK - Sober,PinkVEVO,https://www.youtube.com/watch?v=nJ3ZM8FDBlg&authuser=1,2023-03-17T16:51:00.000Z,22
The Pretty Reckless - Make Me Wanna Die,The Pretty Reckless - Make Me Wanna Die,PrettyRecklessVEVO,https://www.youtube.com/watch?v=txBfhpm1jI0&authuser=1,2024-01-10T18:30:00.000Z,22
You Me At Six - Room To Breathe (Official Video),You Me At Six - Room To Breathe (Official Video),YouMeAtSixVEVO,https://www.youtube.com/watch?v=IPtUV01R1RE&authuser=1,2018-12-31T18:19:00.000Z,21
Jonas Blue - Fast Car ft. Dakota (Official Video),Jonas Blue - Fast Car ft. Dakota (Official Video),JonasBlueVEVO,https://www.youtube.com/watch?v=5yXQJBU8A28&authuser=1,2019-11-30T15:46:00.000Z,21
Papa Roach - Hollywood Whore (Explicit Version),Papa Roach - Hollywood Whore (Explicit Version),PapaRoachVEVO,https://www.youtube.com/watch?v=XjQvk_R20r4&authuser=1,2018-04-22T12:40:00.000Z,21
blink-182 - Pin the Grenade (Lyric Video),blink-182 - Pin the Grenade (Lyric Video),blink182VEVO,https://www.youtube.com/watch?v=F0JlOOtB5ug&authuser=1,2024-01-05T19:39:00.000Z,21
The Pretty Reckless - Just Tonight (Official Music Video),The Pretty Reckless - Just Tonight (Official Music Video),PrettyRecklessVEVO,https://www.youtube.com/watch?v=Y7VGOnV2QhU&authuser=1,2019-01-21T22:06:00.000Z,20
Taylor Swift - I Knew You Were Trouble,Taylor Swift - I Knew You Were Trouble,TaylorSwiftVEVO,https://www.youtube.com/watch?v=vNoKguSdy4Y&authuser=1,2022-09-29T22:13:00.000Z,20
Sum 41 - Fatlip (Official Music Video),Sum 41 - Fatlip (Official Music Video),Sum41VEVO,https://www.youtube.com/watch?v=CMX2lPum_pg&authuser=1,2023-11-29T18:46:00.000Z,20
The Pretty Reckless - Miss Nothing (Official Music Video),The Pretty Reckless - Miss Nothing (Official Music Video),PrettyRecklessVEVO,https://www.youtube.com/watch?v=hFlHsKExcYg&authuser=1,2020-05-18T14:35:00.000Z,20
Ella Henderson - Ghost (Official Video),Ella Henderson - Ghost (Official Video),EllaHVEVO,https://www.youtube.com/watch?v=tA8AfQaUnXM&authuser=1,2023-09-16T18:04:00.000Z,20
Evanescence - Call Me When You're Sober,Evanescence - Call Me When You're Sober,EvanescenceVEVO,https://www.youtube.com/watch?v=_RrA-R5VHQs&authuser=1,2023-03-17T11:35:00.000Z,20
Bring Me The Horizon - in the dark (Official Video),Bring Me The Horizon - in the dark (Official Video),BMTHOfficialVEVO,https://www.youtube.com/watch?v=Thazgd1HFus&authuser=1,2024-02-23T12:49:00.000Z,19
Rihanna - We Found Love ft. Calvin Harris,Rihanna - We Found Love ft. Calvin Harris,RihannaVEVO,https://www.youtube.com/watch?v=tg00YEETFzg&authuser=1,2023-07-04T12:12:00.000Z,19
Pale Waves - Fall To Pieces,Pale Waves - Fall To Pieces,PaleWavesVEVO,https://www.youtube.com/watch?v=j0tD-2C9vsw&authuser=1,2024-02-15T14:37:00.000Z,18
Avril Lavigne - Girlfriend (Official Video),Avril Lavigne - Girlfriend (Official Video),AvrilLavigneVEVO,https://www.youtube.com/watch?v=Bg59q4puhmg&authuser=1,2022-12-29T22:12:00.000Z,18
Fall Out Boy - Uma Thurman (Official Music Video),Fall Out Boy - Uma Thurman (Official Music Video),FallOutBoyVEVO,https://www.youtube.com/watch?v=2VTxYQL2SbA&authuser=1,2021-04-23T14:35:00.000Z,18
Angels and Airwaves - Surrender,Angels and Airwaves - Surrender,AngelsAirwavesVEVO,https://www.youtube.com/watch?v=RM73er53inA&authuser=1,2024-02-14T12:54:00.000Z,18
Rise Against - Satellite,Rise Against - Satellite,RiseAgainstVEVO,https://www.youtube.com/watch?v=6nQCxwneUwA&authuser=1,2023-11-29T18:15:00.000Z,18
Sum 41 - The Hell Song (Official Music Video),Sum 41 - The Hell Song (Official Music Video),Sum41VEVO,https://www.youtube.com/watch?v=7pE8ReA5cn4&authuser=1,2023-08-25T15:16:00.000Z,17
The Offspring - Want You Bad (Official Music Video),The Offspring - Want You Bad (Official Music Video),OffspringVEVO,https://www.youtube.com/watch?v=_g19fCJotPc&authuser=1,2023-08-25T15:26:00.000Z,17
The Calling - Wherever You Will Go (First Video- in Tijuana),The Calling - Wherever You Will Go (First Video- in Tijuana),TheCallingVEVO,https://www.youtube.com/watch?v=iAP9AF6DCu4&authuser=1,2023-11-27T16:48:00.000Z,17
Tonight Alive - Lonely Girl,Tonight Alive - Lonely Girl,TonightAliveVEVO,https://www.youtube.com/watch?v=yrkfkwzChoM&authuser=1,2022-11-10T16:07:00.000Z,17
Alien Ant Farm - Smooth Criminal (Official Music Video),Alien Ant Farm - Smooth Criminal (Official Music Video),AlienAntFarmVEVO,https://www.youtube.com/watch?v=CDl9ZMfj6aE&authuser=1,2023-12-13T15:17:00.000Z,17
Sum 41 - In Too Deep (Official Music Video),Sum 41 - In Too Deep (Official Music Video),Sum41VEVO,https://www.youtube.com/watch?v=emGri7i8Y2Y&authuser=1,2023-08-25T15:09:00.000Z,17
System Of A Down - Aerials (Official HD Video),System Of A Down - Aerials (Official HD Video),systemofadownVEVO,https://www.youtube.com/watch?v=L-iepu3EtyE&authuser=1,2019-05-25T21:51:00.000Z,17
Olivia Rodrigo - get him back! (Official Video),Olivia Rodrigo - get him back! (Official Video),OliviaRodrigoVEVO,https://www.youtube.com/watch?v=ZsJ-BHohXRI&authuser=1,2024-02-14T12:44:00.000Z,17
"Fall Out Boy - Immortals (From ""Big Hero 6"")","Fall Out Boy - Immortals (From ""Big Hero 6"")",FallOutBoyVEVO,https://www.youtube.com/watch?v=l9PxOanFjxQ&authuser=1,2019-01-25T18:26:00.000Z,16
Fall Out Boy - Thnks fr th Mmrs (Official Music Video),Fall Out Boy - Thnks fr th Mmrs (Official Music Video),FallOutBoyVEVO,https://www.youtube.com/watch?v=onzL0EM1pKY&authuser=1,2023-08-25T16:13:00.000Z,16
Arctic Monkeys - Why'd You Only Call Me When You're High? (Official Video),Arctic Monkeys - Why'd You Only Call Me When You're High? (Official Video),ArcticMonkeysVEVO,https://www.youtube.com/watch?v=6366dxFf-Os&authuser=1,2017-04-13T15:09:00.000Z,16
Black Veil Brides - In The End (Closed-Captioned),Black Veil Brides - In The End (Closed-Captioned),BVBArmyVEVO,https://www.youtube.com/watch?v=f0EQlIzPowM&authuser=1,2017-02-24T13:59:00.000Z,16
Lady Gaga - Applause,Lady Gaga - Applause,LadyGagaVEVO,https://www.youtube.com/watch?v=pco91kroVgQ&authuser=1,2023-03-17T16:33:00.000Z,16
Three Days Grace - I Hate Everything About You (Official Video),Three Days Grace - I Hate Everything About You (Official Video),ThreeDaysGraceVEVO,https://www.youtube.com/watch?v=d8ekz_CSBVg&authuser=1,2023-08-25T16:35:00.000Z,16
Wheatus - Teenage Dirtbag (Official Video),Wheatus - Teenage Dirtbag (Official Video),WheatusVEVO,https://www.youtube.com/watch?v=FC3y9llDXuM&authuser=1,2024-02-14T13:57:00.000Z,16
Three Days Grace - The Mountain (Official Video),Three Days Grace - The Mountain (Official Video),ThreeDaysGraceVEVO,https://www.youtube.com/watch?v=XblV5A1PlDo&authuser=1,2019-05-25T23:13:00.000Z,16
AFI - Miss Murder (Official Music Video) (Long Version),AFI - Miss Murder (Official Music Video) (Long Version),AFIVEVO,https://www.youtube.com/watch?v=YU4hhNKsPog&authuser=1,2022-06-04T16:04:00.000Z,15
The Pretty Reckless - Going To Hell (Official Music Video),The Pretty Reckless - Going To Hell (Official Music Video),PrettyRecklessVEVO,https://www.youtube.com/watch?v=bmtbg5b7_Aw&authuser=1,2022-11-10T17:36:00.000Z,15
A Day To Remember - All I Want (Official Video),A Day To Remember - All I Want (Official Video),ADayToRememberVEVO,https://www.youtube.com/watch?v=Pn-6eOxnEMI&authuser=1,2014-10-13T12:09:00.000Z,15
Bowling For Soup - 1985,Bowling For Soup - 1985,BowlingForSoupVEVO,https://www.youtube.com/watch?v=K38xNqZvBJI&authuser=1,2023-11-24T16:59:00.000Z,15
"Kygo, Selena Gomez - It Ain't Me (Official Video)","Kygo, Selena Gomez - It Ain't Me (Official Video)",KygoOfficialVEVO,https://www.youtube.com/watch?v=u3VTKvdAuIY&authuser=1,2022-07-18T13:49:00.000Z,15
Imagine Dragons - Radioactive,Imagine Dragons - Radioactive,ImagineDragonsVEVO,https://www.youtube.com/watch?v=ktvTqknDobU&authuser=1,2016-06-18T18:07:00.000Z,15
Rizzle Kicks - Skip To The Good Bit,Rizzle Kicks - Skip To The Good Bit,RizzleKicksVEVO,https://www.youtube.com/watch?v=5ESHJKat6ds&authuser=1,2023-09-16T18:10:00.000Z,15
Bowling For Soup - Almost,Bowling For Soup - Almost,BowlingForSoupVEVO,https://www.youtube.com/watch?v=UNbOr0ylYZk&authuser=1,2022-11-10T18:20:00.000Z,15
blink-182 - The Rock Show,blink-182 - The Rock Show,blink182VEVO,https://www.youtube.com/watch?v=z7hhDINyBP0&authuser=1,2023-11-29T20:38:00.000Z,15
Fall Out Boy - Centuries (Official Video),Fall Out Boy - Centuries (Official Video),FallOutBoyVEVO,https://www.youtube.com/watch?v=LBr7kECsjcQ&authuser=1,2022-10-24T17:56:00.000Z,15
Taylor Swift - You Belong With Me,Taylor Swift - You Belong With Me,TaylorSwiftVEVO,https://www.youtube.com/watch?v=VuNIsY6JdUw&authuser=1,2022-12-30T14:25:00.000Z,15
P!nk - Are We All We Are (The Truth About Love - Live from Melbourne),P!nk - Are We All We Are (The Truth About Love - Live from Melbourne),PinkVEVO,https://www.youtube.com/watch?v=9IB8S2uWGws&authuser=1,2022-09-29T22:48:00.000Z,15
Avicii - You Make Me (Official),Avicii - You Make Me (Official),AviciiOfficialVEVO,https://www.youtube.com/watch?v=2GADx4Hy-Gg&authuser=1,2017-03-04T16:39:00.000Z,15
blink-182 - Not Another Christmas Song (Official Video),blink-182 - Not Another Christmas Song (Official Video),blink182VEVO,https://www.youtube.com/watch?v=e41G840liu8&authuser=1,2023-12-11T18:26:00.000Z,14
Demi Lovato - Heart Attack (Official Video),Demi Lovato - Heart Attack (Official Video),DemiLovatoVEVO,https://www.youtube.com/watch?v=AByfaYcOm4A&authuser=1,2019-01-25T17:50:00.000Z,14
Avril Lavigne - What The Hell (Official Video),Avril Lavigne - What The Hell (Official Video),AvrilLavigneVEVO,https://www.youtube.com/watch?v=tQmEd_UeeIk&authuser=1,2022-12-30T12:33:00.000Z,14
Iggy Azalea - Change Your Life ft. T.I. (Official Music Video),Iggy Azalea - Change Your Life ft. T.I. (Official Music Video),iggyazaleamusicVEVO,https://www.youtube.com/watch?v=rre0sFHlfBc&authuser=1,2019-01-08T13:01:00.000Z,14
Pitbull - Feel This Moment (Official Video) ft. Christina Aguilera,Pitbull - Feel This Moment (Official Video) ft. Christina Aguilera,PitbullVEVO,https://www.youtube.com/watch?v=5jlI4uzZGjU&authuser=1,2019-08-08T18:53:00.000Z,14
Butcher Babies - Headspin (Official Video),Butcher Babies - Headspin (Official Video),ButcherBabiesVEVO,https://www.youtube.com/watch?v=tAZzVw9hAJA&authuser=1,2023-11-15T20:28:00.000Z,14
Olivia Rodrigo - bad idea right? (Official Video),Olivia Rodrigo - bad idea right? (Official Video),OliviaRodrigoVEVO,https://www.youtube.com/watch?v=Dj9qJsJTsjQ&authuser=1,2024-01-10T18:10:00.000Z,14
Taylor Swift - Blank Space,Taylor Swift - Blank Space,TaylorSwiftVEVO,https://www.youtube.com/watch?v=e-ORhEE9VVg&authuser=1,2023-02-13T17:42:00.000Z,14
Bring Me The Horizon - medicine (Official Video),Bring Me The Horizon - medicine (Official Video),BMTHOfficialVEVO,https://www.youtube.com/watch?v=MocF43ncu8I&authuser=1,2024-01-13T17:38:00.000Z,14
Three Days Grace - Animal I Have Become,Three Days Grace - Animal I Have Become,ThreeDaysGraceVEVO,https://www.youtube.com/watch?v=xqds0B_meys&authuser=1,2023-01-21T19:53:00.000Z,14
Olivia Rodrigo - good 4 u (Official Video),Olivia Rodrigo - good 4 u (Official Video),OliviaRodrigoVEVO,https://www.youtube.com/watch?v=gNi_6U5Pm_o&authuser=1,2024-02-14T13:29:00.000Z,14
Icon For Hire - Off With Her Head,Icon For Hire - Off With Her Head,IconForHireVEVO,https://www.youtube.com/watch?v=-w4JGHB2o6I&authuser=1,2020-03-15T15:52:00.000Z,14
Fall Out Boy - Jet Pack Blues (Audio),Fall Out Boy - Jet Pack Blues (Audio),FallOutBoyVEVO,https://www.youtube.com/watch?v=NtgiP95ikIE&authuser=1,2024-03-15T20:23:00.000Z,14
Divinyls - I Touch Myself (Official Music Video),Divinyls - I Touch Myself (Official Music Video),DivinylsVEVO,https://www.youtube.com/watch?v=wv-34w8kGPM&authuser=1,2024-01-05T20:29:00.000Z,13
blink-182 - Always (Official Video),blink-182 - Always (Official Video),blink182VEVO,https://www.youtube.com/watch?v=CvtJVku_mJw&authuser=1,2022-01-19T10:55:00.000Z,13
Rise Against - Prayer Of The Refugee (Official Music Video),Rise Against - Prayer Of The Refugee (Official Music Video),RiseAgainstVEVO,https://www.youtube.com/watch?v=9-SQGOYOjxs&authuser=1,2023-11-29T19:58:00.000Z,13
Fall Out Boy - Just One Yesterday (Part 6 of 11) ft. Foxes,Fall Out Boy - Just One Yesterday (Part 6 of 11) ft. Foxes,FallOutBoyVEVO,https://www.youtube.com/watch?v=dSfKSUd31MM&authuser=1,2024-03-15T20:29:00.000Z,13
The All-American Rejects - Gives You Hell (Official Music Video),The All-American Rejects - Gives You Hell (Official Music Video),AllAmericanRjctsVEVO,https://www.youtube.com/watch?v=uxUATkpMQ8A&authuser=1,2018-12-22T16:57:00.000Z,13
Bring Me The Horizon - DArkSide (Lyric Video),Bring Me The Horizon - DArkSide (Lyric Video),BMTHOfficialVEVO,https://www.youtube.com/watch?v=3Nt37RGbVjo&authuser=1,2024-02-20T11:16:00.000Z,13
Bullet For My Valentine - Letting You Go,Bullet For My Valentine - Letting You Go,bulletvalentineVEVO,https://www.youtube.com/watch?v=Len0qLhmhL0&authuser=1,2019-02-12T12:49:00.000Z,13
blink-182 - All The Small Things (Official Music Video),blink-182 - All The Small Things (Official Music Video),blink182VEVO,https://www.youtube.com/watch?v=9Ht5RZpzPqw&authuser=1,2023-08-25T16:03:00.000Z,12
System Of A Down - Chop Suey! (Official HD Video),System Of A Down - Chop Suey! (Official HD Video),systemofadownVEVO,https://www.youtube.com/watch?v=CSvFpBOe8eY&authuser=1,2019-01-25T20:06:00.000Z,12
"Ellie Goulding, Juice WRLD - Hate Me (Official Video)","Ellie Goulding, Juice WRLD - Hate Me (Official Video)",EllieGouldingVEVO,https://www.youtube.com/watch?v=UZwi9SHgzGY&authuser=1,2021-04-06T12:32:00.000Z,12
Korn - Did My Time (Official Video),Korn - Did My Time (Official Video),KornVEVO,https://www.youtube.com/watch?v=xmOOGeZE-aE&authuser=1,2019-05-21T21:16:00.000Z,12
Sia - The Greatest (Official Video),Sia - The Greatest (Official Video),SiaVEVO,https://www.youtube.com/watch?v=GKSRyLdjsPA&authuser=1,2023-06-02T16:33:00.000Z,12
Avril Lavigne - Smile (Official Video),Avril Lavigne - Smile (Official Video),AvrilLavigneVEVO,https://www.youtube.com/watch?v=KagvExF-ijc&authuser=1,2022-12-30T14:07:00.000Z,12
Evanescence - Lithium,Evanescence - Lithium,EvanescenceVEVO,https://www.youtube.com/watch?v=PJGpsL_XYQI&authuser=1,2020-09-23T11:48:00.000Z,12
Jennifer Lopez - On The Floor ft. Pitbull,Jennifer Lopez - On The Floor ft. Pitbull,JenniferLopezVEVO,https://www.youtube.com/watch?v=t4H_Zoh7G5A&authuser=1,2023-02-13T18:15:00.000Z,12
Yellowcard - Ocean Avenue,Yellowcard - Ocean Avenue,YellowcardVEVO,https://www.youtube.com/watch?v=X9fLbfzCqWw&authuser=1,2023-12-18T17:32:00.000Z,12
Bring Me The Horizon - nihilist blues (Lyric Video) ft. Grimes,Bring Me The Horizon - nihilist blues (Lyric Video) ft. Grimes,BMTHOfficialVEVO,https://www.youtube.com/watch?v=iwzfR7-33Wc&authuser=1,2024-02-28T14:43:00.000Z,12
Marilyn Manson - This Is The New *hit (Official Music Video),Marilyn Manson - This Is The New *hit (Official Music Video),MarilynMansonVEVO,https://www.youtube.com/watch?v=u21aTl7lmHw&authuser=1,2019-05-24T13:22:00.000Z,12
Flyleaf - Again (Official Music Video),Flyleaf - Again (Official Music Video),FlyleafVEVO,https://www.youtube.com/watch?v=KbdCeWoEH1U&authuser=1,2020-05-23T21:35:00.000Z,12
Iggy Azalea - Fancy ft. Charli XCX,Iggy Azalea - Fancy ft. Charli XCX,iggyazaleamusicVEVO,https://www.youtube.com/watch?v=O-zpOMYRi0w&authuser=1,2023-05-15T13:48:00.000Z,11
New Found Glory - My Friends Over You (Official Music Video),New Found Glory - My Friends Over You (Official Music Video),NewFoundGloryVEVO,https://www.youtube.com/watch?v=QfcLcDBII78&authuser=1,2022-08-01T16:32:00.000Z,11
Betty Who - Heartbreak Dream,Betty Who - Heartbreak Dream,BettyWhoVEVO,https://www.youtube.com/watch?v=KzUz0sfxcMo&authuser=1,2022-01-28T17:36:00.000Z,11
OneRepublic - Alesso Vs. OneRepublic - If I Lose Myself ft. Alesso (Remix),OneRepublic - Alesso Vs. OneRepublic - If I Lose Myself ft. Alesso (Remix),OneRepublicVEVO,https://www.youtube.com/watch?v=dLa_ryRjC7M&authuser=1,2016-07-24T12:59:00.000Z,11
Fall Out Boy - Irresistible (Official Music Video),Fall Out Boy - Irresistible (Official Music Video),FallOutBoyVEVO,https://www.youtube.com/watch?v=i8BGAYXNW74&authuser=1,2016-10-08T18:59:00.000Z,11
Sum 41 - Pieces (Official Music Video),Sum 41 - Pieces (Official Music Video),Sum41VEVO,https://www.youtube.com/watch?v=By7ctqcWxyM&authuser=1,2023-08-25T15:38:00.000Z,11
Boys Like Girls - Love Drunk,Boys Like Girls - Love Drunk,BoysLikeGirlsVEVO,https://www.youtube.com/watch?v=o0c-kC8xZ-I&authuser=1,2020-03-28T13:08:00.000Z,11
Black Veil Brides - Heart Of Fire,Black Veil Brides - Heart Of Fire,BVBArmyVEVO,https://www.youtube.com/watch?v=RZxhWqxwsBQ&authuser=1,2017-01-02T15:35:00.000Z,11
Avril Lavigne - My Happy Ending (Official Video - Clean),Avril Lavigne - My Happy Ending (Official Video - Clean),AvrilLavigneVEVO,https://www.youtube.com/watch?v=s8QYxmpuyxg&authuser=1,2022-12-29T21:13:00.000Z,11
Switch Disco - REACT (feat. Ella Henderson) (Lyric Video),Switch Disco - REACT (feat. Ella Henderson) (Lyric Video),SwitchDiscoVEVO,https://www.youtube.com/watch?v=cPN4H0sSCHQ&authuser=1,2024-02-23T13:30:00.000Z,11
Zedd - Clarity ft. Foxes,Zedd - Clarity ft. Foxes,ZEDDVEVO,https://www.youtube.com/watch?v=IxxstCcJlsc&authuser=1,2023-02-13T18:11:00.000Z,11
Eminem - Survival (Explicit),Eminem - Survival (Explicit),EminemVEVO,https://www.youtube.com/watch?v=NlmezywdxPI&authuser=1,2016-09-25T21:07:00.000Z,10
Pale Waves - Unwanted (Official Video),Pale Waves - Unwanted (Official Video),PaleWavesVEVO,https://www.youtube.com/watch?v=hG9b3dx2pgo&authuser=1,2024-02-20T10:44:00.000Z,10
Pitbull - Timber (Official Video) ft. Ke$ha,Pitbull - Timber (Official Video) ft. Ke$ha,PitbullVEVO,https://www.youtube.com/watch?v=hHUbLv4ThOo&authuser=1,2016-07-16T14:59:00.000Z,10
Angels & Airwaves - The Adventure,Angels & Airwaves - The Adventure,AngelsAirwavesVEVO,https://www.youtube.com/watch?v=JMl8cQjBfqk&authuser=1,2022-01-19T18:30:00.000Z,10
Bring Me The Horizon - wonderful life (Lyric Video) ft. Dani Filth,Bring Me The Horizon - wonderful life (Lyric Video) ft. Dani Filth,BMTHOfficialVEVO,https://www.youtube.com/watch?v=4hoDwVy6IQ4&authuser=1,2024-01-13T16:58:00.000Z,10
Owl City - Fireflies (Official Music Video),Owl City - Fireflies (Official Music Video),OwlCityVEVO,https://www.youtube.com/watch?v=psuRGfAaju4&authuser=1,2023-02-13T17:51:00.000Z,10
Bloodhound Gang - Uhn Tiss Uhn Tiss Uhn Tiss (Explicit) [Official Video],Bloodhound Gang - Uhn Tiss Uhn Tiss Uhn Tiss (Explicit) [Official Video],BloodhoundGangVEVO,https://www.youtube.com/watch?v=89tgpzE4qkY&authuser=1,2023-12-07T17:56:00.000Z,10
Yeah Yeah Yeahs - Heads Will Roll (Official Music Video),Yeah Yeah Yeahs - Heads Will Roll (Official Music Video),YeahYeahYeahsVEVO,https://www.youtube.com/watch?v=auzfTPp4moA&authuser=1,2024-02-20T10:40:00.000Z,10
The Chainsmokers - Side Effects (Official Video) ft. Emily Warren,The Chainsmokers - Side Effects (Official Video) ft. Emily Warren,ChainsmokersVEVO,https://www.youtube.com/watch?v=nuckTcoZG4Q&authuser=1,2022-10-24T16:30:00.000Z,10
P!NK - U + Ur Hand,P!NK - U + Ur Hand,PinkVEVO,https://www.youtube.com/watch?v=YUtHjOvPKT0&authuser=1,2023-03-17T16:43:00.000Z,10
Pale Waves - Lies (Official Video),Pale Waves - Lies (Official Video),PaleWavesVEVO,https://www.youtube.com/watch?v=FsLwaNLwbVo&authuser=1,2024-02-20T11:13:00.000Z,10
Taylor Swift - Our Song,Taylor Swift - Our Song,TaylorSwiftVEVO,https://www.youtube.com/watch?v=Jb2stN7kH28&authuser=1,2019-01-21T17:19:00.000Z,10
Lady Gaga - Just Dance (Official Music Video) ft. Colby O'Donis,Lady Gaga - Just Dance (Official Music Video) ft. Colby O'Donis,LadyGagaVEVO,https://www.youtube.com/watch?v=2Abk1jAONjw&authuser=1,2023-03-17T15:55:00.000Z,10
Eminem - Berzerk (Official Music Video) (Explicit),Eminem - Berzerk (Official Music Video) (Explicit),EminemVEVO,https://www.youtube.com/watch?v=ab9176Srb5Y&authuser=1,2016-05-08T21:03:00.000Z,10
Bon Jovi - It's My Life (Official Music Video),Bon Jovi - It's My Life (Official Music Video),BonJoviVEVO,https://www.youtube.com/watch?v=vx2u5uUu3DE&authuser=1,2017-02-24T12:16:00.000Z,10
Heart - Alone,Heart - Alone,HeartVEVO,https://www.youtube.com/watch?v=1Cw1ng75KP0&authuser=1,2023-09-02T18:54:00.000Z,10
The Chainsmokers - Closer (Lyric) ft. Halsey,The Chainsmokers - Closer (Lyric) ft. Halsey,ChainsmokersVEVO,https://www.youtube.com/watch?v=PT2_F-1esPk&authuser=1,2021-01-21T16:37:00.000Z,9
Mark Ronson - Find U Again (Official Video) ft. Camila Cabello,Mark Ronson - Find U Again (Official Video) ft. Camila Cabello,MarkRonsonVEVO,https://www.youtube.com/watch?v=b5mlu5GPqyA&authuser=1,2022-11-10T14:34:00.000Z,9
+44 - When Your Heart Stops Beating,+44 - When Your Heart Stops Beating,44VEVO,https://www.youtube.com/watch?v=2nWv2Hz_GXs&authuser=1,2024-03-15T20:22:00.000Z,9
Avril Lavigne - Nobody's Home (Official Video),Avril Lavigne - Nobody's Home (Official Video),AvrilLavigneVEVO,https://www.youtube.com/watch?v=NGFSNE18Ywc&authuser=1,2022-01-19T18:52:00.000Z,9
Thirty Seconds To Mars - Up In The Air,Thirty Seconds To Mars - Up In The Air,ThirtySecondsToMarsVEVO,https://www.youtube.com/watch?v=y9uSyICrtow&authuser=1,2023-02-13T18:01:00.000Z,9
Ghost - Square Hammer (Official Music Video),Ghost - Square Hammer (Official Music Video),GhostBCVEVO,https://www.youtube.com/watch?v=VqoyKzgkqR4&authuser=1,2023-01-21T20:20:00.000Z,9
Fall Out Boy - My Songs Know What You Did In The Dark (Light Em Up) - Part 1 of 11,Fall Out Boy - My Songs Know What You Did In The Dark (Light Em Up) - Part 1 of 11,FallOutBoyVEVO,https://www.youtube.com/watch?v=LkIWmsP3c_s&authuser=1,2023-02-15T11:26:00.000Z,9
Katy Perry - Last Friday Night (T.G.I.F.) (Official Music Video),Katy Perry - Last Friday Night (T.G.I.F.) (Official Music Video),KatyPerryVEVO,https://www.youtube.com/watch?v=KlyXNRrsk4A&authuser=1,2022-12-29T22:43:00.000Z,9
Avril Lavigne - My Happy Ending (Official Video),Avril Lavigne - My Happy Ending (Official Video),AvrilLavigneVEVO,https://www.youtube.com/watch?v=0-zDFLbWK1Q&authuser=1,2022-06-04T16:36:00.000Z,9
Semisonic - Closing Time (Official Music Video),Semisonic - Closing Time (Official Music Video),SemisonicVEVO,https://www.youtube.com/watch?v=xGytDsqkQY8&authuser=1,2023-11-29T20:12:00.000Z,9
Ke$ha - We R Who We R (Official Video),Ke$ha - We R Who We R (Official Video),keshaVEVO,https://www.youtube.com/watch?v=mXvmSaE0JXA&authuser=1,2019-01-05T18:27:00.000Z,9
blink-182 - I Really Wish I Hated You (Lyric Video),blink-182 - I Really Wish I Hated You (Lyric Video),blink182VEVO,https://www.youtube.com/watch?v=p9asRPqPbjo&authuser=1,2022-03-14T18:31:00.000Z,9
Bloodhound Gang - The Bad Touch (Official Video),Bloodhound Gang - The Bad Touch (Official Video),BloodhoundGangVEVO,https://www.youtube.com/watch?v=xat1GVnl8-k&authuser=1,2013-07-26T15:48:00.000Z,9
Sum 41 - Still Waiting (Official Music Video),Sum 41 - Still Waiting (Official Music Video),Sum41VEVO,https://www.youtube.com/watch?v=qO-mSLxih-c&authuser=1,2023-08-25T15:54:00.000Z,9
"Lady Gaga, Ariana Grande - Rain On Me (Official Music Video)","Lady Gaga, Ariana Grande - Rain On Me (Official Music Video)",LadyGagaVEVO,https://www.youtube.com/watch?v=AoAm4om0wTs&authuser=1,2023-03-17T11:51:00.000Z,9
blink-182 - DANCE WITH ME (Official Video),blink-182 - DANCE WITH ME (Official Video),blink182VEVO,https://www.youtube.com/watch?v=LUEYNuVeA9Y&authuser=1,2024-01-13T17:03:00.000Z,8
Pale Waves - Change,Pale Waves - Change,PaleWavesVEVO,https://www.youtube.com/watch?v=X6mIMJuKQ6c&authuser=1,2024-02-20T10:26:00.000Z,8
Eagle-Eye Cherry - Save Tonight,Eagle-Eye Cherry - Save Tonight,EagleEyeCherryVEVO,https://www.youtube.com/watch?v=Nntd2fgMUYw&authuser=1,2023-12-06T14:44:00.000Z,8
Marilyn Manson - The Beautiful People,Marilyn Manson - The Beautiful People,MarilynMansonVEVO,https://www.youtube.com/watch?v=Ypkv0HeUvTc&authuser=1,2020-02-12T12:51:00.000Z,8
Fall Out Boy - I Don't Care,Fall Out Boy - I Don't Care,FallOutBoyVEVO,https://www.youtube.com/watch?v=Alh6iIvVN9o&authuser=1,2022-06-04T16:24:00.000Z,8
Evanescence - Good Enough,Evanescence - Good Enough,EvanescenceVEVO,https://www.youtube.com/watch?v=Kw2Ic_2XdVQ&authuser=1,2020-01-11T21:03:00.000Z,8
Avicii - Levels,Avicii - Levels,AviciiOfficialVEVO,https://www.youtube.com/watch?v=_ovdm2yX4MA&authuser=1,2019-01-06T13:08:00.000Z,8
Hollywood Undead - Hear Me Now,Hollywood Undead - Hear Me Now,HollywoodUndeadVEVO,https://www.youtube.com/watch?v=pdoIs1jZbCY&authuser=1,2015-04-18T20:28:00.000Z,8
Bring Me The Horizon - sugar honey ice & tea (Lyric Video),Bring Me The Horizon - sugar honey ice & tea (Lyric Video),BMTHOfficialVEVO,https://www.youtube.com/watch?v=ULj6eH5YfAw&authuser=1,2023-12-13T14:30:00.000Z,8
Sum 41 - With Me (Official Music Video),Sum 41 - With Me (Official Music Video),Sum41VEVO,https://www.youtube.com/watch?v=g8z-qP34-1Y&authuser=1,2023-08-25T16:39:00.000Z,8
Fall Out Boy - Beat It (MTV Version) (Official Music Video) ft. John Mayer,Fall Out Boy - Beat It (MTV Version) (Official Music Video) ft. John Mayer,FallOutBoyVEVO,https://www.youtube.com/watch?v=sk8Pb17pcQI&authuser=1,2023-01-23T16:49:00.000Z,8
Evanescence - Thoughtless,Evanescence - Thoughtless,EvanescenceVEVO,https://www.youtube.com/watch?v=wtC744jVWmE&authuser=1,2021-04-23T15:14:00.000Z,8
Amaranthe - True (Official Music Video),Amaranthe - True (Official Music Video),AmarantheMusicVEVO,https://www.youtube.com/watch?v=8bSq4eB9cO8&authuser=1,2020-03-28T20:10:00.000Z,8
Ellie Goulding - Burn (Official Video),Ellie Goulding - Burn (Official Video),EllieGouldingVEVO,https://www.youtube.com/watch?v=CGyEd0aKWZE&authuser=1,2019-08-12T18:29:00.000Z,8
Hollywood Undead - Been to Hell,Hollywood Undead - Been to Hell,HollywoodUndeadVEVO,https://www.youtube.com/watch?v=SFnE2_DUhbs&authuser=1,2012-04-19T19:58:00.000Z,8
Hollywood Undead - We Are (Explicit),Hollywood Undead - We Are (Explicit),HollywoodUndeadVEVO,https://www.youtube.com/watch?v=ocXjr9nPnvg&authuser=1,2016-12-11T13:15:00.000Z,8
Avril Lavigne - Losing Grip (Official Video),Avril Lavigne - Losing Grip (Official Video),AvrilLavigneVEVO,https://www.youtube.com/watch?v=LOcKckBLouM&authuser=1,2022-01-03T21:12:00.000Z,8
Tonight Alive - The Other Side (Track by Track),Tonight Alive - The Other Side (Track by Track),TonightAliveVEVO,https://www.youtube.com/watch?v=nhoC1qRIuYc&authuser=1,2017-01-02T16:13:00.000Z,7
3 Doors Down - Kryptonite (Official Video),3 Doors Down - Kryptonite (Official Video),3DoorsDownVEVO,https://www.youtube.com/watch?v=xPU8OAjjS4k&authuser=1,2021-12-10T13:28:00.000Z,7
Zedd - Stay The Night ft. Hayley Williams,Zedd - Stay The Night ft. Hayley Williams,ZEDDVEVO,https://www.youtube.com/watch?v=i-gyZ35074k&authuser=1,2019-08-12T18:26:00.000Z,7
Shakira - Waka Waka (This Time for Africa) (The Official 2010 FIFA World Cup™ Song),Shakira - Waka Waka (This Time for Africa) (The Official 2010 FIFA World Cup™ Song),shakiraVEVO,https://www.youtube.com/watch?v=pRpeEdMmmQ0&authuser=1,2018-11-25T12:48:00.000Z,7
Pale Waves - Reasons To Live (Official Music Video),Pale Waves - Reasons To Live (Official Music Video),PaleWavesVEVO,https://www.youtube.com/watch?v=oDsMTEfi25A&authuser=1,2024-02-20T11:10:00.000Z,7
Bullet For My Valentine - Waking The Demon (Official Video),Bullet For My Valentine - Waking The Demon (Official Video),bulletvalentineVEVO,https://www.youtube.com/watch?v=q2I0ulTZWXA&authuser=1,2023-01-21T20:06:00.000Z,7
Eminem ft. Rihanna - The Monster (Explicit) [Official Video],Eminem ft. Rihanna - The Monster (Explicit) [Official Video],EminemVEVO,https://www.youtube.com/watch?v=EHkozMIXZ8w&authuser=1,2019-08-11T17:53:00.000Z,7
The Pretty Reckless - Messed Up World (F'd Up World) (Official Music Video),The Pretty Reckless - Messed Up World (F'd Up World) (Official Music Video),PrettyRecklessVEVO,https://www.youtube.com/watch?v=V_A4G1jkw24&authuser=1,2016-07-24T16:34:00.000Z,7
Lady Gaga - Bad Romance (Official Music Video),Lady Gaga - Bad Romance (Official Music Video),LadyGagaVEVO,https://www.youtube.com/watch?v=qrO4YZeyl0I&authuser=1,2023-01-23T18:44:00.000Z,7
Lady Gaga - Marry The Night (Official Music Video),Lady Gaga - Marry The Night (Official Music Video),LadyGagaVEVO,https://www.youtube.com/watch?v=cggNqDAtJYU&authuser=1,2021-07-20T13:18:00.000Z,7
Len - Steal My Sunshine,Len - Steal My Sunshine,LenVEVO,https://www.youtube.com/watch?v=E1fzJ_AYajA&authuser=1,2023-12-13T15:27:00.000Z,7
American Hi-Fi - Flavor Of The Weak,American Hi-Fi - Flavor Of The Weak,AmericanHiFiVEVO,https://www.youtube.com/watch?v=uAmINmjpQxw&authuser=1,2023-09-29T23:31:00.000Z,7
"Zedd, Alessia Cara - Stay (Lyric Video)","Zedd, Alessia Cara - Stay (Lyric Video)",ZEDDVEVO,https://www.youtube.com/watch?v=h--P8HzYZ74&authuser=1,2019-11-30T15:42:00.000Z,7
Lady Gaga - Born This Way (Official Music Video),Lady Gaga - Born This Way (Official Music Video),LadyGagaVEVO,https://www.youtube.com/watch?v=wV1FrqwZyKw&authuser=1,2021-07-20T13:22:00.000Z,7
Bring Me The Horizon - heavy metal (Lyric Video) ft. Rahzel,Bring Me The Horizon - heavy metal (Lyric Video) ft. Rahzel,BMTHOfficialVEVO,https://www.youtube.com/watch?v=_bvBC1mcyB0&authuser=1,2023-11-16T16:59:00.000Z,7
Nelly Furtado - Say It Right (Official Music Video),Nelly Furtado - Say It Right (Official Music Video),NellyFurtadoVEVO,https://www.youtube.com/watch?v=6JnGBs88sL0&authuser=1,2017-01-02T15:38:00.000Z,6
P!nk - Please Don't Leave Me (Official Video),P!nk - Please Don't Leave Me (Official Video),PinkVEVO,https://www.youtube.com/watch?v=eocCPDxKq1o&authuser=1,2014-02-03T18:16:00.000Z,6
P!nk - Just Like A Pill (Official Video),P!nk - Just Like A Pill (Official Video),PinkVEVO,https://www.youtube.com/watch?v=JDKGWaCglRM&authuser=1,2016-09-28T16:38:00.000Z,6
Bowling For Soup - Alexa Bliss (Official Video),Bowling For Soup - Alexa Bliss (Official Video),BowlingForSoupVEVO,https://www.youtube.com/watch?v=K4vla140LEM&authuser=1,2022-11-10T15:42:00.000Z,6
Sia - Cheap Thrills (Performance Edit),Sia - Cheap Thrills (Performance Edit),SiaVEVO,https://www.youtube.com/watch?v=31crA53Dgu0&authuser=1,2023-10-23T17:40:00.000Z,6
Limp Bizkit - My Way,Limp Bizkit - My Way,LimpBizkitVEVO,https://www.youtube.com/watch?v=Dn8vzTsnPps&authuser=1,2019-03-30T15:12:00.000Z,6
Three Days Grace - Home (Official Video),Three Days Grace - Home (Official Video),ThreeDaysGraceVEVO,https://www.youtube.com/watch?v=7NQ8OCcQ3LA&authuser=1,2017-01-02T17:31:00.000Z,6
Evanescence - Lost in Paradise (Lyric Video),Evanescence - Lost in Paradise (Lyric Video),EvanescenceVEVO,https://www.youtube.com/watch?v=3rnxlW5TrBs&authuser=1,2019-01-17T17:12:00.000Z,6
"Pitbull - Give Me Everything ft. Ne-Yo, Afrojack, Nayer","Pitbull - Give Me Everything ft. Ne-Yo, Afrojack, Nayer",PitbullVEVO,https://www.youtube.com/watch?v=EPo5wWmKEaI&authuser=1,2020-02-08T18:33:00.000Z,6
TRUSTcompany - The Fear,TRUSTcompany - The Fear,TRUSTcompanyVEVO,https://www.youtube.com/watch?v=11bK1jqIbuA&authuser=1,2017-02-24T14:25:00.000Z,6
Ke$ha - Take It Off (Official Video),Ke$ha - Take It Off (Official Video),keshaVEVO,https://www.youtube.com/watch?v=edP0L6LQzZE&authuser=1,2019-01-06T12:51:00.000Z,6
System Of A Down - B.Y.O.B. (Official HD Video),System Of A Down - B.Y.O.B. (Official HD Video),systemofadownVEVO,https://www.youtube.com/watch?v=zUzd9KyIDrM&authuser=1,2019-05-25T21:41:00.000Z,6
The Cranberries - Zombie (Official Music Video),The Cranberries - Zombie (Official Music Video),TheCranberriesVEVO,https://www.youtube.com/watch?v=6Ejga4kJUts&authuser=1,2016-09-29T11:58:00.000Z,6
"The Chainsmokers, ILLENIUM - Takeaway (Official Video) ft. Lennon Stella","The Chainsmokers, ILLENIUM - Takeaway (Official Video) ft. Lennon Stella",ChainsmokersVEVO,https://www.youtube.com/watch?v=lzkKzZmRZk8&authuser=1,2019-11-30T16:03:00.000Z,6
Nine Days - Absolutely (Story of a Girl),Nine Days - Absolutely (Story of a Girl),NineDaysVEVO,https://www.youtube.com/watch?v=ZIANBamMgas&authuser=1,2023-09-17T01:32:00.000Z,6
Miley Cyrus - Wrecking Ball (Official Video),Miley Cyrus - Wrecking Ball (Official Video),MileyCyrusVEVO,https://www.youtube.com/watch?v=My2FRPA3Gf8&authuser=1,2017-02-24T12:56:00.000Z,6
Evanescence - My Immortal (Official HD Music Video),Evanescence - My Immortal (Official HD Music Video),EvanescenceVEVO,https://www.youtube.com/watch?v=5anLPw0Efmo&authuser=1,2018-03-24T17:40:00.000Z,6
Sia - Cheap Thrills (Official Lyric Video) ft. Sean Paul,Sia - Cheap Thrills (Official Lyric Video) ft. Sean Paul,SiaVEVO,https://www.youtube.com/watch?v=nYh-n7EOtMA&authuser=1,2023-06-02T16:29:00.000Z,5
Three Days Grace - Pain,Three Days Grace - Pain,ThreeDaysGraceVEVO,https://www.youtube.com/watch?v=Ud4HuAzHEUc&authuser=1,2019-03-05T19:43:00.000Z,5
Puddle Of Mudd - Blurry (Official Music Video),Puddle Of Mudd - Blurry (Official Music Video),PuddleOfMuddVEVO,https://www.youtube.com/watch?v=xJJsoquu70o&authuser=1,2014-06-22T17:25:00.000Z,5
"Fall Out Boy - A Little Less Sixteen Candles, A Little More ""Touch Me"" (Official Video)","Fall Out Boy - A Little Less Sixteen Candles, A Little More ""Touch Me"" (Official Video)",FallOutBoyVEVO,https://www.youtube.com/watch?v=Ew6x6sHiFaw&authuser=1,2019-05-26T00:46:00.000Z,5
"Hailee Steinfeld, Alesso - Let Me Go ft. Florida Georgia Line, WATT (Official Video)","Hailee Steinfeld, Alesso - Let Me Go ft. Florida Georgia Line, WATT (Official Video)",HaileeSteinfeldVEVO,https://www.youtube.com/watch?v=BQ_0QLL2gqI&authuser=1,2021-12-10T14:23:00.000Z,5
blink-182 - After Midnight,blink-182 - After Midnight,blink182VEVO,https://www.youtube.com/watch?v=H86730HjLVA&authuser=1,2022-07-28T17:54:00.000Z,5
The Killers - Somebody Told Me (Official Music Video),The Killers - Somebody Told Me (Official Music Video),TheKillersVEVO,https://www.youtube.com/watch?v=Y5fBdpreJiU&authuser=1,2020-03-13T18:42:00.000Z,5
Bloodhound Gang - The Ballad Of Chasey Lain,Bloodhound Gang - The Ballad Of Chasey Lain,BloodhoundGangVEVO,https://www.youtube.com/watch?v=If9fC9aJd-U&authuser=1,2023-11-02T20:41:00.000Z,5
Avril Lavigne - Complicated (Official Video),Avril Lavigne - Complicated (Official Video),AvrilLavigneVEVO,https://www.youtube.com/watch?v=5NPBIwQyPWE&authuser=1,2022-12-29T21:50:00.000Z,5
"Fall Out Boy - This Ain't A Scene, It's An Arms Race (Official Music Video)","Fall Out Boy - This Ain't A Scene, It's An Arms Race (Official Music Video)",FallOutBoyVEVO,https://www.youtube.com/watch?v=GNm5drtAQXs&authuser=1,2022-06-04T15:52:00.000Z,5
blink-182 - Up All Night,blink-182 - Up All Night,blink182VEVO,https://www.youtube.com/watch?v=YpYhGdrknlA&authuser=1,2019-12-19T12:43:00.000Z,5
Andrew W.K. - Party Hard,Andrew W.K. - Party Hard,AndrewWKVEVO,https://www.youtube.com/watch?v=WccfbPQNMbg&authuser=1,2023-01-21T19:10:00.000Z,5
"Zedd, Katy Perry - 365 (Official)","Zedd, Katy Perry - 365 (Official)",KatyPerryVEVO,https://www.youtube.com/watch?v=YrbgUtCfnC0&authuser=1,2020-02-08T17:48:00.000Z,5
Britney Spears - Work Bitch (Official Video),Britney Spears - Work Bitch (Official Video),BritneySpearsVEVO,https://www.youtube.com/watch?v=pt8VYOfr8To&authuser=1,2018-11-30T14:30:00.000Z,5
Eminem - Love The Way You Lie ft. Rihanna,Eminem - Love The Way You Lie ft. Rihanna,EminemVEVO,https://www.youtube.com/watch?v=uelHwf8o7_U&authuser=1,2023-06-30T13:02:00.000Z,5
Bowling For Soup - Punk Rock 101 (NTSC),Bowling For Soup - Punk Rock 101 (NTSC),BowlingForSoupVEVO,https://www.youtube.com/watch?v=Ajq4Ek-jChA&authuser=1,2022-07-02T15:39:00.000Z,5
Natalie Imbruglia - Torn (Official Video),Natalie Imbruglia - Torn (Official Video),natalieimbrugliaVEVO,https://www.youtube.com/watch?v=VV1XWJN3nJo&authuser=1,2021-12-10T13:03:00.000Z,5
Ke$ha - Blah Blah Blah (Official Video) ft. 3OH!3,Ke$ha - Blah Blah Blah (Official Video) ft. 3OH!3,keshaVEVO,https://www.youtube.com/watch?v=3taEuL4EHAg&authuser=1,2012-12-13T17:40:00.000Z,5
Katy Perry - Waking Up In Vegas (Official),Katy Perry - Waking Up In Vegas (Official),KatyPerryVEVO,https://www.youtube.com/watch?v=1-pUaogoX5o&authuser=1,2017-02-24T13:25:00.000Z,5
Evanescence - Imperfection (Official Video),Evanescence - Imperfection (Official Video),EvanescenceVEVO,https://www.youtube.com/watch?v=7_XoKJP1XK4&authuser=1,2020-01-11T20:59:00.000Z,5
Icon For Hire - Ready For Combat (Official Video),Icon For Hire - Ready For Combat (Official Video),IconForHireVEVO,https://www.youtube.com/watch?v=VVQuAdhKmy8&authuser=1,2022-12-12T16:56:00.000Z,5
Amaranthe - Trinity (Lyric Video),Amaranthe - Trinity (Lyric Video),AmarantheMusicVEVO,https://www.youtube.com/watch?v=T2e_3ZnJcTE&authuser=1,2016-09-28T15:50:00.000Z,5
blink-182 - Down,blink-182 - Down,blink182VEVO,https://www.youtube.com/watch?v=XrTZT49u0kM&authuser=1,2021-12-10T14:59:00.000Z,5
Mabel - Don't Call Me Up (Official Video),Mabel - Don't Call Me Up (Official Video),MabelVEVO,https://www.youtube.com/watch?v=9TQKyDD9Yig&authuser=1,2023-02-13T18:47:00.000Z,5
Eminem - We Made You (Official Music Video),Eminem - We Made You (Official Music Video),EminemVEVO,https://www.youtube.com/watch?v=RSdKmX2BH7o&authuser=1,2016-10-08T20:18:00.000Z,4
Bring Me The Horizon - in the dark (Lyric Video),Bring Me The Horizon - in the dark (Lyric Video),BMTHOfficialVEVO,https://www.youtube.com/watch?v=rju0pbdm4z4&authuser=1,2024-02-14T14:08:00.000Z,4
Jay-Z & Kanye West - Ni**as In Paris (Explicit),Jay-Z & Kanye West - Ni**as In Paris (Explicit),KanyeWestVEVO,https://www.youtube.com/watch?v=gG_dA32oH44&authuser=1,2016-05-08T21:03:00.000Z,4
Bullet For My Valentine - Your Betrayal (Official Video),Bullet For My Valentine - Your Betrayal (Official Video),bulletvalentineVEVO,https://www.youtube.com/watch?v=IHgFJEJgUrg&authuser=1,2021-01-29T12:50:00.000Z,4
Papa Roach - Leader of the Broken Hearts (Official Music Video),Papa Roach - Leader of the Broken Hearts (Official Music Video),PapaRoachVEVO,https://www.youtube.com/watch?v=FGaolLbtGPM&authuser=1,2018-02-18T17:24:00.000Z,4
Good Charlotte - The Anthem (Official Video),Good Charlotte - The Anthem (Official Video),GoodCharlotteVEVO,https://www.youtube.com/watch?v=desJKYvdq9A&authuser=1,2019-03-26T19:36:00.000Z,4
Jimmy Eat World - Sweetness,Jimmy Eat World - Sweetness,JimmyEatWorldVEVO,https://www.youtube.com/watch?v=ROatPGGMvXg&authuser=1,2022-01-18T16:58:00.000Z,4
Avril Lavigne - Hot (Official Video),Avril Lavigne - Hot (Official Video),AvrilLavigneVEVO,https://www.youtube.com/watch?v=fzb75m8NuMQ&authuser=1,2022-12-29T22:09:00.000Z,4
"Calvin Harris, Rihanna - This Is What You Came For (Official Video) ft. Rihanna","Calvin Harris, Rihanna - This Is What You Came For (Official Video) ft. Rihanna",CalvinHarrisVEVO,https://music.youtube.com/watch?v=kOkQ4T5WO9E&authuser=1,2019-11-24T16:01:00.000Z,4
Bloodhound Gang - Along Comes Mary,Bloodhound Gang - Along Comes Mary,BloodhoundGangVEVO,https://www.youtube.com/watch?v=0RaLEVmuM4o&authuser=1,2019-06-09T11:10:00.000Z,4
The Chainsmokers - This Feeling (Official Video) ft. Kelsea Ballerini,The Chainsmokers - This Feeling (Official Video) ft. Kelsea Ballerini,ChainsmokersVEVO,https://www.youtube.com/watch?v=fKtY_37r1VI&authuser=1,2019-01-08T13:46:00.000Z,4
blink-182 - Bored To Death (Official Video),blink-182 - Bored To Death (Official Video),blink182VEVO,https://www.youtube.com/watch?v=lic0oCDMfwk&authuser=1,2022-03-03T22:17:00.000Z,4
Girls Aloud - I Think We're Alone Now (Official Music Video),Girls Aloud - I Think We're Alone Now (Official Music Video),GirlsAloudVEVO,https://www.youtube.com/watch?v=WjpbcsttFyM&authuser=1,2016-05-26T18:40:00.000Z,4
Ke$ha - Your Love Is My Drug (Official Video),Ke$ha - Your Love Is My Drug (Official Video),keshaVEVO,https://www.youtube.com/watch?v=QR_qa3Ohwls&authuser=1,2019-01-21T18:28:00.000Z,4
t.A.T.u. - All The Things She Said (Official Music Video),t.A.T.u. - All The Things She Said (Official Music Video),tATuVEVO,https://www.youtube.com/watch?v=8mGBaXPlri8&authuser=1,2021-12-10T15:11:00.000Z,4
Bowling For Soup - Emily (Explicit Version),Bowling For Soup - Emily (Explicit Version),BowlingForSoupVEVO,https://www.youtube.com/watch?v=keNRUzP2A2Q&authuser=1,2019-06-09T11:22:00.000Z,4
3 Doors Down - Let Me Be Myself (Official Music Video),3 Doors Down - Let Me Be Myself (Official Music Video),3DoorsDownVEVO,https://www.youtube.com/watch?v=RmDYbiyMHvo&authuser=1,2016-12-11T13:07:00.000Z,4
Avril Lavigne - I'm With You (Official Video),Avril Lavigne - I'm With You (Official Video),AvrilLavigneVEVO,https://www.youtube.com/watch?v=dGR65RWwzg8&authuser=1,2021-12-10T14:14:00.000Z,4
"Demi Lovato - Let It Go (from ""Frozen"") (Official Video)","Demi Lovato - Let It Go (from ""Frozen"") (Official Video)",DemiLovatoVEVO,https://www.youtube.com/watch?v=kHue-HaXXzg&authuser=1,2015-11-08T05:07:00.000Z,4
Timbaland - If We Ever Meet Again ft. Katy Perry (Official Music Video),Timbaland - If We Ever Meet Again ft. Katy Perry (Official Music Video),TimbalandVEVO,https://www.youtube.com/watch?v=KDKva-s_khY&authuser=1,2019-01-17T15:07:00.000Z,4
Adele - Hello (Official Music Video),Adele - Hello (Official Music Video),AdeleVEVO,https://www.youtube.com/watch?v=YQHsXMglC9A&authuser=1,2016-11-29T13:06:00.000Z,4
Bon Jovi - You Give Love A Bad Name (Official Music Video),Bon Jovi - You Give Love A Bad Name (Official Music Video),BonJoviVEVO,https://www.youtube.com/watch?v=KrZHPOeOxQQ&authuser=1,2016-10-08T19:44:00.000Z,4
Bonnie Tyler - If You Were A Woman (And I Was A Man),Bonnie Tyler - If You Were A Woman (And I Was A Man),bonnietylerVEVO,https://www.youtube.com/watch?v=rJOo67DtZAY&authuser=1,2023-12-07T17:19:00.000Z,4
Icon For Hire - Demons (Official Music Video),Icon For Hire - Demons (Official Music Video),IconForHireVEVO,https://www.youtube.com/watch?v=reEOKm5NSy0&authuser=1,2019-12-02T12:00:00.000Z,4
